fp_per_image,sensitivity
0.0003333333333333333,0.0
0.0006666666666666666,0.0
0.001,0.0
0.0013333333333333333,0.0
0.0016666666666666668,0.0
0.002,0.0
0.0023333333333333335,0.0
0.0026666666666666666,0.0
0.003,0.0
0.0033333333333333335,0.0
0.0036666666666666666,0.0
0.004,0.0
0.004333333333333333,0.0
0.004666666666666667,0.0
0.005,0.0
0.005333333333333333,0.0
0.005666666666666667,0.0
0.006,0.0
0.006333333333333333,0.0
0.006666666666666667,0.0
0.007,0.0
0.007333333333333333,0.0
0.007666666666666666,0.0
0.008,0.0
0.008333333333333333,0.0
0.008666666666666666,0.0
0.009,0.0
0.009333333333333334,0.0
0.009666666666666667,0.0
0.01,0.0
0.010333333333333333,0.0
0.010666666666666666,0.0
0.011,0.0
0.011333333333333334,0.0
0.011666666666666667,0.0
0.012,0.0
0.012333333333333333,0.0
0.012666666666666666,0.0
0.013,0.0
0.013333333333333334,0.0
0.013666666666666667,0.0
0.014,0.0
0.014333333333333333,0.0
0.014666666666666666,0.0
0.015,0.0
0.015333333333333332,0.0
0.015666666666666666,0.0
0.016,0.0
0.01633333333333333,0.0
0.016666666666666666,0.0
0.017,0.0
0.017333333333333333,0.0
0.017666666666666667,0.0
0.018,0.0
0.018333333333333333,0.0
0.018666666666666668,0.0
0.019,0.0
0.019333333333333334,0.0
0.019666666666666666,0.0
0.02,0.0
0.02033333333333333,0.0
0.020666666666666667,0.0
0.021,0.0
0.021333333333333333,0.0
0.021666666666666667,0.0
0.022,0.0
0.022333333333333334,0.0
0.02266666666666667,0.0
0.023,0.0
0.023333333333333334,0.0
0.023666666666666666,0.0
0.024,0.0
0.024333333333333332,0.0
0.024666666666666667,0.0
0.025,0.0
0.025333333333333333,0.0
0.025666666666666667,0.0
0.026,0.0
0.026333333333333334,0.0
0.02666666666666667,0.0
0.027,0.0
0.027333333333333334,0.0
0.027666666666666666,0.0
0.028,0.0
0.028333333333333332,0.0
0.028666666666666667,0.0
0.029,0.0
0.029333333333333333,0.0
0.029666666666666668,0.0
0.03,0.0
0.030333333333333334,0.0
0.030666666666666665,0.0
0.031,0.0
0.03133333333333333,0.0
0.03166666666666667,0.0
0.032,0.0
0.03233333333333333,0.0
0.03266666666666666,0.0
0.033,0.0
0.03333333333333333,0.0
0.033666666666666664,0.0
0.034,0.0
0.034333333333333334,0.0
0.034666666666666665,0.0
0.035,0.0
0.035333333333333335,0.0
0.035666666666666666,0.0
0.036,0.0
0.036333333333333336,0.0
0.03666666666666667,0.0
0.037,0.0
0.037333333333333336,0.0
0.03766666666666667,0.0
0.038,0.0
0.03833333333333333,0.0
0.03866666666666667,0.0
0.039,0.0
0.03933333333333333,0.0
0.03966666666666667,0.0
0.04,0.0
0.04033333333333333,0.0
0.04066666666666666,0.0
0.041,0.0
0.04133333333333333,0.0
0.041666666666666664,0.0
0.042,0.0
0.042333333333333334,0.0
0.042666666666666665,0.0
0.043,0.0
0.043333333333333335,0.0
0.043666666666666666,0.0
0.044,0.0
0.044333333333333336,0.0
0.04466666666666667,0.0
0.045,0.0
0.04533333333333334,0.0
0.04566666666666667,0.0
0.046,0.0
0.04633333333333333,0.0
0.04666666666666667,0.0
0.047,0.0
0.04733333333333333,0.0
0.04766666666666667,0.0
0.048,0.0
0.04833333333333333,0.0
0.048666666666666664,0.0
0.049,0.0
0.04933333333333333,0.0
0.049666666666666665,0.0
0.05,0.0
0.050333333333333334,0.0
0.050666666666666665,0.0
0.051,0.0
0.051333333333333335,0.0
0.051666666666666666,0.0
0.052,0.0
0.052333333333333336,0.0
0.05266666666666667,0.0
0.053,0.0
0.05333333333333334,0.0
0.05366666666666667,0.0
0.054,0.0
0.05433333333333333,0.0
0.05466666666666667,0.0
0.055,0.0
0.05533333333333333,0.0
0.05566666666666667,0.0
0.056,0.0
0.05633333333333333,0.0
0.056666666666666664,0.0
0.057,0.0
0.05733333333333333,0.0
0.057666666666666665,0.0
0.058,0.0
0.058333333333333334,0.0
0.058666666666666666,0.0
0.059,0.0
0.059333333333333335,0.0
0.059666666666666666,0.0
0.06,0.0
0.060333333333333336,0.0
0.06066666666666667,0.0
0.061,0.0
0.06133333333333333,0.0
0.06166666666666667,0.0
0.062,0.0
0.06233333333333333,0.0
0.06266666666666666,0.0
0.063,0.0
0.06333333333333334,0.0
0.06366666666666666,0.0
0.064,0.0
0.06433333333333334,0.0
0.06466666666666666,0.0
0.065,0.0
0.06533333333333333,0.0
0.06566666666666666,0.0
0.066,0.0
0.06633333333333333,0.0
0.06666666666666667,0.0
0.067,0.0
0.06733333333333333,0.0
0.06766666666666667,0.0
0.068,0.0
0.06833333333333333,0.0
0.06866666666666667,0.0
0.069,0.0
0.06933333333333333,0.0
0.06966666666666667,0.0
0.07,0.0
0.07033333333333333,0.0
0.07066666666666667,0.0
0.071,0.0
0.07133333333333333,0.0
0.07166666666666667,0.0
0.072,0.0
0.07233333333333333,0.0
0.07266666666666667,0.0
0.073,0.0
0.07333333333333333,0.0
0.07366666666666667,0.0
0.074,0.0
0.07433333333333333,0.0
0.07466666666666667,0.0
0.075,0.0
0.07533333333333334,0.0
0.07566666666666666,0.0
0.076,0.0
0.07633333333333334,0.0
0.07666666666666666,0.0
0.077,0.0
0.07733333333333334,0.0
0.07766666666666666,0.0
0.078,0.0
0.07833333333333334,0.0
0.07866666666666666,0.0
0.079,0.0
0.07933333333333334,0.0
0.07966666666666666,0.0
0.08,0.0
0.08033333333333334,0.0
0.08066666666666666,0.0
0.081,0.0
0.08133333333333333,0.0
0.08166666666666667,0.0
0.082,0.0
0.08233333333333333,0.0
0.08266666666666667,0.0
0.083,0.0
0.08333333333333333,0.0
0.08366666666666667,0.0
0.084,0.0
0.08433333333333333,0.0
0.08466666666666667,0.0
0.085,0.0
0.08533333333333333,0.0
0.08566666666666667,0.0
0.086,0.0
0.08633333333333333,0.0
0.08666666666666667,0.0
0.087,0.0
0.08733333333333333,0.0
0.08766666666666667,0.0
0.088,0.0
0.08833333333333333,0.0
0.08866666666666667,0.0
0.089,0.0
0.08933333333333333,0.0
0.08966666666666667,0.0
0.09,0.0
0.09033333333333333,0.0
0.09066666666666667,0.0
0.091,0.0
0.09133333333333334,0.0
0.09166666666666666,0.0
0.092,0.0
0.09233333333333334,0.0
0.09266666666666666,0.0
0.093,0.0
0.09333333333333334,0.0
0.09366666666666666,0.0
0.094,0.0
0.09433333333333334,0.0
0.09466666666666666,0.0
0.095,0.0
0.09533333333333334,0.0
0.09566666666666666,0.0
0.096,0.0
0.09633333333333334,0.0
0.09666666666666666,0.0
0.097,0.0
0.09733333333333333,0.0
0.09766666666666667,0.0
0.098,0.0
0.09833333333333333,0.0
0.09866666666666667,0.0
0.099,0.0
0.09933333333333333,0.0
0.09966666666666667,0.0
0.1,0.0
0.10033333333333333,0.0
0.10066666666666667,0.0
0.101,0.0
0.10133333333333333,0.0
0.10166666666666667,0.0
0.102,0.0
0.10233333333333333,0.0
0.10266666666666667,0.0
0.103,0.0
0.10333333333333333,0.0
0.10366666666666667,0.0
0.104,0.0
0.10433333333333333,0.0
0.10466666666666667,0.0
0.105,0.0
0.10533333333333333,0.0
0.10566666666666667,0.0
0.106,0.0
0.10633333333333334,0.0
0.10666666666666667,0.0
0.107,0.0
0.10733333333333334,0.0
0.10766666666666666,0.0
0.108,0.0
0.10833333333333334,0.0
0.10866666666666666,0.0
0.109,0.0
0.10933333333333334,0.0
0.10966666666666666,0.0
0.11,0.0
0.11033333333333334,0.0
0.11066666666666666,0.0
0.111,0.0
0.11133333333333334,0.0
0.11166666666666666,0.0
0.112,0.0
0.11233333333333333,0.0
0.11266666666666666,0.0
0.113,0.0
0.11333333333333333,0.0
0.11366666666666667,0.0
0.114,0.0
0.11433333333333333,0.0
0.11466666666666667,0.0
0.115,0.0
0.11533333333333333,0.0
0.11566666666666667,0.0
0.116,0.0
0.11633333333333333,0.0
0.11666666666666667,0.0
0.117,0.0
0.11733333333333333,0.0
0.11766666666666667,0.0
0.118,0.0
0.11833333333333333,0.0
0.11866666666666667,0.0
0.119,0.0
0.11933333333333333,0.0
0.11966666666666667,0.0
0.12,0.0
0.12033333333333333,0.0
0.12066666666666667,0.0
0.121,0.0
0.12133333333333333,0.0
0.12166666666666667,0.0
0.122,0.0
0.12233333333333334,0.0
0.12266666666666666,0.0
0.123,0.0
0.12333333333333334,0.0
0.12366666666666666,0.0
0.124,0.0
0.12433333333333334,0.0
0.12466666666666666,0.0
0.125,0.0
0.12533333333333332,0.0
0.12566666666666668,0.0
0.126,0.0
0.12633333333333333,0.0
0.12666666666666668,0.0
0.127,0.0
0.12733333333333333,0.0
0.12766666666666668,0.0
0.128,0.0
0.12833333333333333,0.0
0.12866666666666668,0.0
0.129,0.0
0.12933333333333333,0.0
0.12966666666666668,0.0
0.13,0.0
0.13033333333333333,0.0
0.13066666666666665,0.0
0.131,0.0
0.13133333333333333,0.0
0.13166666666666665,0.0
0.132,0.0
0.13233333333333333,0.0
0.13266666666666665,0.0
0.133,0.0
0.13333333333333333,0.0
0.13366666666666666,0.0
0.134,0.0
0.13433333333333333,0.0
0.13466666666666666,0.0
0.135,0.0
0.13533333333333333,0.0
0.13566666666666666,0.0
0.136,0.0
0.13633333333333333,0.0
0.13666666666666666,0.0
0.137,0.0
0.13733333333333334,0.0
0.13766666666666666,0.0
0.138,0.0
0.13833333333333334,0.0
0.13866666666666666,0.0
0.139,0.0
0.13933333333333334,0.0
0.13966666666666666,0.0
0.14,0.0
0.14033333333333334,0.0
0.14066666666666666,0.0
0.141,0.0
0.14133333333333334,0.0
0.14166666666666666,0.0
0.142,0.0
0.14233333333333334,0.0
0.14266666666666666,0.0
0.143,0.0
0.14333333333333334,0.0
0.14366666666666666,0.0
0.144,0.0
0.14433333333333334,0.0
0.14466666666666667,0.0
0.145,0.0
0.14533333333333334,0.0
0.14566666666666667,0.0
0.146,0.0
0.14633333333333334,0.0
0.14666666666666667,0.0
0.147,0.0
0.14733333333333334,0.0
0.14766666666666667,0.0
0.148,0.0
0.14833333333333334,0.0
0.14866666666666667,0.0
0.149,0.0
0.14933333333333335,0.0
0.14966666666666667,0.0
0.15,0.0
0.15033333333333335,0.0
0.15066666666666667,0.0
0.151,0.0
0.15133333333333332,0.0
0.15166666666666667,0.0
0.152,0.0
0.15233333333333332,0.0
0.15266666666666667,0.0
0.153,0.0
0.15333333333333332,0.0
0.15366666666666667,0.0
0.154,0.0
0.15433333333333332,0.0
0.15466666666666667,0.0
0.155,0.0
0.15533333333333332,0.0
0.15566666666666668,0.0
0.156,0.0
0.15633333333333332,0.0
0.15666666666666668,0.0
0.157,0.0
0.15733333333333333,0.0
0.15766666666666668,0.0
0.158,0.0
0.15833333333333333,0.0
0.15866666666666668,0.0
0.159,0.0
0.15933333333333333,0.0
0.15966666666666668,0.0
0.16,0.0
0.16033333333333333,0.0
0.16066666666666668,0.0
0.161,0.0
0.16133333333333333,0.0
0.16166666666666665,0.0
0.162,0.0
0.16233333333333333,0.0
0.16266666666666665,0.0
0.163,0.0
0.16333333333333333,0.0
0.16366666666666665,0.0
0.164,0.0
0.16433333333333333,0.0
0.16466666666666666,0.0
0.165,0.0
0.16533333333333333,0.0
0.16566666666666666,0.0
0.166,0.0
0.16633333333333333,0.0
0.16666666666666666,0.0
0.167,0.0
0.16733333333333333,0.0
0.16766666666666666,0.0
0.168,0.0
0.16833333333333333,0.0
0.16866666666666666,0.0
0.169,0.0
0.16933333333333334,0.0
0.16966666666666666,0.0
0.17,0.0
0.17033333333333334,0.0
0.17066666666666666,0.0
0.171,0.0
0.17133333333333334,0.0
0.17166666666666666,0.0
0.172,0.0
0.17233333333333334,0.0
0.17266666666666666,0.0
0.173,0.0
0.17333333333333334,0.0
0.17366666666666666,0.0
0.174,0.0
0.17433333333333334,0.0
0.17466666666666666,0.0
0.175,0.0
0.17533333333333334,0.0
0.17566666666666667,0.0
0.176,0.0
0.17633333333333334,0.0
0.17666666666666667,0.0
0.177,0.0
0.17733333333333334,0.0
0.17766666666666667,0.0
0.178,0.0
0.17833333333333334,0.0
0.17866666666666667,0.0
0.179,0.0
0.17933333333333334,0.0
0.17966666666666667,0.0
0.18,0.0
0.18033333333333335,0.0
0.18066666666666667,0.0
0.181,0.0
0.18133333333333335,0.0
0.18166666666666667,0.0
0.182,0.0
0.18233333333333332,0.0
0.18266666666666667,0.0
0.183,0.0
0.18333333333333332,0.0
0.18366666666666667,0.0
0.184,0.0
0.18433333333333332,0.0
0.18466666666666667,0.0
0.185,0.0
0.18533333333333332,0.0
0.18566666666666667,0.0
0.186,0.0
0.18633333333333332,0.0
0.18666666666666668,0.0
0.187,0.0
0.18733333333333332,0.0
0.18766666666666668,0.0
0.188,0.0
0.18833333333333332,0.0
0.18866666666666668,0.0
0.189,0.0
0.18933333333333333,0.0
0.18966666666666668,0.0
0.19,0.0
0.19033333333333333,0.0
0.19066666666666668,0.0
0.191,0.0
0.19133333333333333,0.0
0.19166666666666668,0.0
0.192,0.0
0.19233333333333333,0.0
0.19266666666666668,0.0
0.193,0.0
0.19333333333333333,0.0
0.19366666666666665,0.0
0.194,0.0
0.19433333333333333,0.0
0.19466666666666665,0.0
0.195,0.0
0.19533333333333333,0.0
0.19566666666666666,0.0
0.196,0.0
0.19633333333333333,0.0
0.19666666666666666,0.0
0.197,0.0
0.19733333333333333,0.0
0.19766666666666666,0.0
0.198,0.0
0.19833333333333333,0.0
0.19866666666666666,0.0
0.199,0.0
0.19933333333333333,0.0
0.19966666666666666,0.0
0.2,0.0
0.20033333333333334,0.0
0.20066666666666666,0.0
0.201,0.0
0.20133333333333334,0.0
0.20166666666666666,0.0
0.202,0.0
0.20233333333333334,0.0
0.20266666666666666,0.0
0.203,0.0
0.20333333333333334,0.0
0.20366666666666666,0.0
0.204,0.0
0.20433333333333334,0.0
0.20466666666666666,0.0
0.205,0.0
0.20533333333333334,0.0
0.20566666666666666,0.0
0.206,0.0
0.20633333333333334,0.0
0.20666666666666667,0.0
0.207,0.0
0.20733333333333334,0.0
0.20766666666666667,0.0
0.208,0.0
0.20833333333333334,0.0
0.20866666666666667,0.0
0.209,0.0
0.20933333333333334,0.0
0.20966666666666667,0.0
0.21,0.0
0.21033333333333334,0.0
0.21066666666666667,0.0
0.211,0.0
0.21133333333333335,0.0
0.21166666666666667,0.0
0.212,0.0
0.21233333333333335,0.0
0.21266666666666667,0.0
0.213,0.0
0.21333333333333335,0.0
0.21366666666666667,0.0
0.214,0.0
0.21433333333333332,0.0
0.21466666666666667,0.0
0.215,0.0
0.21533333333333332,0.0
0.21566666666666667,0.0
0.216,0.0
0.21633333333333332,0.0
0.21666666666666667,0.0
0.217,0.0
0.21733333333333332,0.0
0.21766666666666667,0.0
0.218,0.0
0.21833333333333332,0.0
0.21866666666666668,0.0
0.219,0.0
0.21933333333333332,0.0
0.21966666666666668,0.0
0.22,0.0
0.22033333333333333,0.0
0.22066666666666668,0.0
0.221,0.0
0.22133333333333333,0.0
0.22166666666666668,0.0
0.222,0.0
0.22233333333333333,0.0
0.22266666666666668,0.0
0.223,0.0
0.22333333333333333,0.0
0.22366666666666668,0.0
0.224,0.0
0.22433333333333333,0.0
0.22466666666666665,0.0
0.225,0.0
0.22533333333333333,0.0
0.22566666666666665,0.0
0.226,0.0
0.22633333333333333,0.0
0.22666666666666666,0.0
0.227,0.0
0.22733333333333333,0.0
0.22766666666666666,0.0
0.228,0.0
0.22833333333333333,0.0
0.22866666666666666,0.0
0.229,0.0
0.22933333333333333,0.0
0.22966666666666666,0.0
0.23,0.0
0.23033333333333333,0.0
0.23066666666666666,0.0
0.231,0.0
0.23133333333333334,0.0
0.23166666666666666,0.0
0.232,0.0
0.23233333333333334,0.0
0.23266666666666666,0.0
0.233,0.0
0.23333333333333334,0.0
0.23366666666666666,0.0
0.234,0.0
0.23433333333333334,0.0
0.23466666666666666,0.0
0.235,0.0
0.23533333333333334,0.0
0.23566666666666666,0.0
0.236,0.0
0.23633333333333334,0.0
0.23666666666666666,0.0
0.237,0.0
0.23733333333333334,0.0
0.23766666666666666,0.0
0.238,0.0
0.23833333333333334,0.0
0.23866666666666667,0.0
0.239,0.0
0.23933333333333334,0.0
0.23966666666666667,0.0
0.24,0.0
0.24033333333333334,0.0
0.24066666666666667,0.0
0.241,0.0
0.24133333333333334,0.0
0.24166666666666667,0.0
0.242,0.0
0.24233333333333335,0.0
0.24266666666666667,0.0
0.243,0.0
0.24333333333333335,0.0
0.24366666666666667,0.0
0.244,0.0
0.24433333333333335,0.0
0.24466666666666667,0.0
0.245,0.0
0.24533333333333332,0.0
0.24566666666666667,0.0
0.246,0.0
0.24633333333333332,0.0
0.24666666666666667,0.0
0.247,0.0
0.24733333333333332,0.0
0.24766666666666667,0.0
0.248,0.0
0.24833333333333332,0.0
0.24866666666666667,0.0
0.249,0.0
0.24933333333333332,0.0
0.24966666666666668,0.0
0.25,0.0
0.25033333333333335,0.0
0.25066666666666665,0.0
0.251,0.0
0.25133333333333335,0.0
0.25166666666666665,0.0
0.252,0.0
0.25233333333333335,0.0
0.25266666666666665,0.0
0.253,0.0
0.25333333333333335,0.0
0.25366666666666665,0.0
0.254,0.0
0.25433333333333336,0.0
0.25466666666666665,0.0
0.255,0.0
0.25533333333333336,0.0
0.25566666666666665,0.0
0.256,0.0
0.25633333333333336,0.0
0.25666666666666665,0.0
0.257,0.0
0.25733333333333336,0.0
0.25766666666666665,0.0
0.258,0.0
0.25833333333333336,0.0
0.25866666666666666,0.0
0.259,0.0
0.25933333333333336,0.0
0.25966666666666666,0.0
0.26,0.0
0.26033333333333336,0.0
0.26066666666666666,0.0
0.261,0.0
0.2613333333333333,0.0
0.26166666666666666,0.0
0.262,0.0
0.2623333333333333,0.0
0.26266666666666666,0.0
0.263,0.0
0.2633333333333333,0.0
0.26366666666666666,0.0
0.264,0.0
0.2643333333333333,0.0
0.26466666666666666,0.0
0.265,0.0
0.2653333333333333,0.0
0.26566666666666666,0.0
0.266,0.0
0.2663333333333333,0.0
0.26666666666666666,0.0
0.267,0.0
0.2673333333333333,0.0
0.26766666666666666,0.0
0.268,0.0
0.2683333333333333,0.0
0.26866666666666666,0.0
0.269,0.0
0.2693333333333333,0.0
0.26966666666666667,0.0
0.27,0.0
0.2703333333333333,0.0
0.27066666666666667,0.0
0.271,0.0
0.2713333333333333,0.0
0.27166666666666667,0.0
0.272,0.0
0.2723333333333333,0.0
0.27266666666666667,0.0
0.273,0.0
0.2733333333333333,0.0
0.27366666666666667,0.0
0.274,0.0
0.2743333333333333,0.0
0.27466666666666667,0.0
0.275,0.0
0.2753333333333333,0.0
0.27566666666666667,0.0
0.276,0.0
0.2763333333333333,0.0
0.27666666666666667,0.0
0.277,0.0
0.2773333333333333,0.0
0.2776666666666667,0.0
0.278,0.0
0.2783333333333333,0.0
0.2786666666666667,0.0
0.279,0.0
0.2793333333333333,0.0
0.2796666666666667,0.0
0.28,0.0
0.2803333333333333,0.0
0.2806666666666667,0.0
0.281,0.0
0.2813333333333333,0.0
0.2816666666666667,0.0
0.282,0.0
0.2823333333333333,0.0
0.2826666666666667,0.0
0.283,0.0
0.2833333333333333,0.0
0.2836666666666667,0.0
0.284,0.0
0.2843333333333333,0.0
0.2846666666666667,0.0
0.285,0.0
0.2853333333333333,0.0
0.2856666666666667,0.0
0.286,0.0
0.28633333333333333,0.0
0.2866666666666667,0.0
0.287,0.0
0.28733333333333333,0.0
0.2876666666666667,0.0
0.288,0.0
0.28833333333333333,0.0
0.2886666666666667,0.0
0.289,0.0
0.28933333333333333,0.0
0.2896666666666667,0.0
0.29,0.0
0.29033333333333333,0.0
0.2906666666666667,0.0
0.291,0.0
0.29133333333333333,0.0
0.2916666666666667,0.0
0.292,0.0
0.29233333333333333,0.0
0.2926666666666667,0.0
0.293,0.0
0.29333333333333333,0.0
0.2936666666666667,0.0
0.294,0.0
0.29433333333333334,0.0
0.2946666666666667,0.0
0.295,0.0
0.29533333333333334,0.0
0.2956666666666667,0.0
0.296,0.0
0.29633333333333334,0.0
0.2966666666666667,0.0
0.297,0.0
0.29733333333333334,0.0
0.2976666666666667,0.0
0.298,0.0
0.29833333333333334,0.0
0.2986666666666667,0.0
0.299,0.0
0.29933333333333334,0.0
0.2996666666666667,0.0
0.3,0.0
0.30033333333333334,0.0
0.3006666666666667,0.0
0.301,0.0
0.30133333333333334,0.0
0.3016666666666667,0.0
0.302,0.0
0.30233333333333334,0.0
0.30266666666666664,0.0
0.303,0.0
0.30333333333333334,0.0
0.30366666666666664,0.0
0.304,0.0
0.30433333333333334,0.0
0.30466666666666664,0.0
0.305,0.0
0.30533333333333335,0.0
0.30566666666666664,0.0
0.306,0.0
0.30633333333333335,0.0
0.30666666666666664,0.0
0.307,0.0
0.30733333333333335,0.0
0.30766666666666664,0.0
0.308,0.0
0.30833333333333335,0.0
0.30866666666666664,0.0
0.309,0.0
0.30933333333333335,0.0
0.30966666666666665,0.0
0.31,0.0
0.31033333333333335,0.0
0.31066666666666665,0.0
0.311,0.0
0.31133333333333335,0.0
0.31166666666666665,0.0
0.312,0.0
0.31233333333333335,0.0
0.31266666666666665,0.0
0.313,0.0
0.31333333333333335,0.0
0.31366666666666665,0.0
0.314,0.0
0.31433333333333335,0.0
0.31466666666666665,0.0
0.315,0.0
0.31533333333333335,0.0
0.31566666666666665,0.0
0.316,0.0
0.31633333333333336,0.0
0.31666666666666665,0.0
0.317,0.0
0.31733333333333336,0.0
0.31766666666666665,0.0
0.318,0.0
0.31833333333333336,0.0
0.31866666666666665,0.0
0.319,0.0
0.31933333333333336,0.0
0.31966666666666665,0.0
0.32,0.0
0.32033333333333336,0.0
0.32066666666666666,0.0
0.321,0.0
0.32133333333333336,0.0
0.32166666666666666,0.0
0.322,0.0
0.32233333333333336,0.0
0.32266666666666666,0.0
0.323,0.0
0.3233333333333333,0.0
0.32366666666666666,0.0
0.324,0.0
0.3243333333333333,0.0
0.32466666666666666,0.0
0.325,0.0
0.3253333333333333,0.0
0.32566666666666666,0.0
0.326,0.0
0.3263333333333333,0.0
0.32666666666666666,0.0
0.327,0.0
0.3273333333333333,0.0
0.32766666666666666,0.0
0.328,0.0
0.3283333333333333,0.0
0.32866666666666666,0.0
0.329,0.0
0.3293333333333333,0.0
0.32966666666666666,0.0
0.33,0.0
0.3303333333333333,0.0
0.33066666666666666,0.0
0.331,0.0
0.3313333333333333,0.0
0.33166666666666667,0.0
0.332,0.0
0.3323333333333333,0.0
0.33266666666666667,0.0
0.333,0.0
0.3333333333333333,0.0
0.33366666666666667,0.0
0.334,0.0
0.3343333333333333,0.0
0.33466666666666667,0.0
0.335,0.0
0.3353333333333333,0.0
0.33566666666666667,0.0
0.336,0.0
0.3363333333333333,0.0
0.33666666666666667,0.0
0.337,0.0
0.3373333333333333,0.0
0.33766666666666667,0.0
0.338,0.0
0.3383333333333333,0.0
0.33866666666666667,0.0
0.339,0.0
0.3393333333333333,0.0
0.3396666666666667,0.0
0.34,0.0
0.3403333333333333,0.0
0.3406666666666667,0.0
0.341,0.0
0.3413333333333333,0.0
0.3416666666666667,0.0
0.342,0.0
0.3423333333333333,0.0
0.3426666666666667,0.0
0.343,0.0
0.3433333333333333,0.0
0.3436666666666667,0.0
0.344,0.0
0.3443333333333333,0.0
0.3446666666666667,0.0
0.345,0.0
0.3453333333333333,0.0
0.3456666666666667,0.0
0.346,0.0
0.3463333333333333,0.0
0.3466666666666667,0.0
0.347,0.0
0.3473333333333333,0.0
0.3476666666666667,0.0
0.348,0.0
0.34833333333333333,0.0
0.3486666666666667,0.0
0.349,0.0
0.34933333333333333,0.0
0.3496666666666667,0.0
0.35,0.0
0.35033333333333333,0.0
0.3506666666666667,0.0
0.351,0.0
0.35133333333333333,0.0
0.3516666666666667,0.0
0.352,0.0
0.35233333333333333,0.0
0.3526666666666667,0.0
0.353,0.0
0.35333333333333333,0.0
0.3536666666666667,0.0
0.354,0.0
0.35433333333333333,0.0
0.3546666666666667,0.0
0.355,0.0
0.35533333333333333,0.0
0.3556666666666667,0.0
0.356,0.0
0.35633333333333334,0.0
0.3566666666666667,0.0
0.357,0.0
0.35733333333333334,0.0
0.3576666666666667,0.0
0.358,0.0
0.35833333333333334,0.0
0.3586666666666667,0.0
0.359,0.0
0.35933333333333334,0.0
0.3596666666666667,0.0
0.36,0.0
0.36033333333333334,0.0
0.3606666666666667,0.0
0.361,0.0
0.36133333333333334,0.0
0.3616666666666667,0.0
0.362,0.0
0.36233333333333334,0.0
0.3626666666666667,0.0
0.363,0.0
0.36333333333333334,0.0
0.3636666666666667,0.0
0.364,0.0
0.36433333333333334,0.0
0.36466666666666664,0.0
0.365,0.0
0.36533333333333334,0.0
0.36566666666666664,0.0
0.366,0.0
0.36633333333333334,0.0
0.36666666666666664,0.0
0.367,0.0
0.36733333333333335,0.0
0.36766666666666664,0.0
0.368,0.0
0.36833333333333335,0.0
0.36866666666666664,0.0
0.369,0.0
0.36933333333333335,0.0
0.36966666666666664,0.0
0.37,0.0
0.37033333333333335,0.0
0.37066666666666664,0.0
0.371,0.0
0.37133333333333335,0.0
0.37166666666666665,0.0
0.372,0.0
0.37233333333333335,0.0
0.37266666666666665,0.0
0.373,0.0
0.37333333333333335,0.0
0.37366666666666665,0.0
0.374,0.0
0.37433333333333335,0.0
0.37466666666666665,0.0
0.375,0.0
0.37533333333333335,0.0
0.37566666666666665,0.0
0.376,0.0
0.37633333333333335,0.0
0.37666666666666665,0.0
0.377,0.0
0.37733333333333335,0.0
0.37766666666666665,0.0
0.378,0.0
0.37833333333333335,0.0
0.37866666666666665,0.0
0.379,0.0
0.37933333333333336,0.0
0.37966666666666665,0.0
0.38,0.0
0.38033333333333336,0.0
0.38066666666666665,0.0
0.381,0.0
0.38133333333333336,0.0
0.38166666666666665,0.0
0.382,0.0
0.38233333333333336,0.0
0.38266666666666665,0.0
0.383,0.0
0.38333333333333336,0.0
0.38366666666666666,0.0
0.384,0.0
0.38433333333333336,0.0
0.38466666666666666,0.0
0.385,0.0
0.38533333333333336,0.0
0.38566666666666666,0.0
0.386,0.0
0.3863333333333333,0.0
0.38666666666666666,0.0
0.387,0.0
0.3873333333333333,0.0
0.38766666666666666,0.0
0.388,0.0
0.3883333333333333,0.0
0.38866666666666666,0.0
0.389,0.0
0.3893333333333333,0.0
0.38966666666666666,0.0
0.39,0.0
0.3903333333333333,0.0
0.39066666666666666,0.0
0.391,0.0
0.3913333333333333,0.0
0.39166666666666666,0.0
0.392,0.0
0.3923333333333333,0.0
0.39266666666666666,0.0
0.393,0.0
0.3933333333333333,0.0
0.39366666666666666,0.0
0.394,0.0
0.3943333333333333,0.0
0.39466666666666667,0.0
0.395,0.0
0.3953333333333333,0.0
0.39566666666666667,0.0
0.396,0.0
0.3963333333333333,0.0
0.39666666666666667,0.0
0.397,0.0
0.3973333333333333,0.0
0.39766666666666667,0.0
0.398,0.0
0.3983333333333333,0.0
0.39866666666666667,0.0
0.399,0.0
0.3993333333333333,0.0
0.39966666666666667,0.0
0.4,0.0
0.4003333333333333,0.0
0.40066666666666667,0.0
0.401,0.0
0.4013333333333333,0.0
0.40166666666666667,0.0
0.402,0.0
0.4023333333333333,0.0
0.4026666666666667,0.0
0.403,0.0
0.4033333333333333,0.0
0.4036666666666667,0.0
0.404,0.0
0.4043333333333333,0.0
0.4046666666666667,0.0
0.405,0.0
0.4053333333333333,0.0
0.4056666666666667,0.0
0.406,0.0
0.4063333333333333,0.0
0.4066666666666667,0.0
0.407,0.0
0.4073333333333333,0.0
0.4076666666666667,0.0
0.408,0.0
0.4083333333333333,0.0
0.4086666666666667,0.0
0.409,0.0
0.4093333333333333,0.0
0.4096666666666667,0.0
0.41,0.0
0.4103333333333333,0.0
0.4106666666666667,0.0
0.411,0.0
0.41133333333333333,0.0
0.4116666666666667,0.0
0.412,0.0
0.41233333333333333,0.0
0.4126666666666667,0.0
0.413,0.0
0.41333333333333333,0.0
0.4136666666666667,0.0
0.414,0.0
0.41433333333333333,0.0
0.4146666666666667,0.0
0.415,0.0
0.41533333333333333,0.0
0.4156666666666667,0.0
0.416,0.0
0.41633333333333333,0.0
0.4166666666666667,0.0
0.417,0.0
0.41733333333333333,0.0
0.4176666666666667,0.0
0.418,0.0
0.41833333333333333,0.0
0.4186666666666667,0.0
0.419,0.0
0.41933333333333334,0.0
0.4196666666666667,0.0
0.42,0.0
0.42033333333333334,0.0
0.4206666666666667,0.0
0.421,0.0
0.42133333333333334,0.0
0.4216666666666667,0.0
0.422,0.0
0.42233333333333334,0.0
0.4226666666666667,0.0
0.423,0.0
0.42333333333333334,0.0
0.4236666666666667,0.0
0.424,0.0
0.42433333333333334,0.0
0.4246666666666667,0.0
0.425,0.0
0.42533333333333334,0.0
0.4256666666666667,0.0
0.426,0.0
0.42633333333333334,0.0
0.4266666666666667,0.0
0.427,0.0
0.42733333333333334,0.0
0.42766666666666664,0.0
0.428,0.0
0.42833333333333334,0.0
0.42866666666666664,0.0
0.429,0.0
0.42933333333333334,0.0
0.42966666666666664,0.0
0.43,0.0
0.43033333333333335,0.0
0.43066666666666664,0.0
0.431,0.0
0.43133333333333335,0.0
0.43166666666666664,0.0
0.432,0.0
0.43233333333333335,0.0
0.43266666666666664,0.0
0.433,0.0
0.43333333333333335,0.0
0.43366666666666664,0.0
0.434,0.0
0.43433333333333335,0.0
0.43466666666666665,0.0
0.435,0.0
0.43533333333333335,0.0
0.43566666666666665,0.0
0.436,0.0
0.43633333333333335,0.0
0.43666666666666665,0.0
0.437,0.0
0.43733333333333335,0.0
0.43766666666666665,0.0
0.438,0.0
0.43833333333333335,0.0
0.43866666666666665,0.0
0.439,0.0
0.43933333333333335,0.0
0.43966666666666665,0.0
0.44,0.0
0.44033333333333335,0.0
0.44066666666666665,0.0
0.441,0.0
0.44133333333333336,0.0
0.44166666666666665,0.0
0.442,0.0
0.44233333333333336,0.0
0.44266666666666665,0.0
0.443,0.0
0.44333333333333336,0.0
0.44366666666666665,0.0
0.444,0.0
0.44433333333333336,0.0
0.44466666666666665,0.0
0.445,0.0
0.44533333333333336,0.0
0.44566666666666666,0.0
0.446,0.0
0.44633333333333336,0.0
0.44666666666666666,0.0
0.447,0.0
0.44733333333333336,0.0
0.44766666666666666,0.0
0.448,0.0
0.4483333333333333,0.0
0.44866666666666666,0.0
0.449,0.0
0.4493333333333333,0.0
0.44966666666666666,0.0
0.45,0.0
0.4503333333333333,0.0
0.45066666666666666,0.0
0.451,0.0
0.4513333333333333,0.0
0.45166666666666666,0.0
0.452,0.0
0.4523333333333333,0.0
0.45266666666666666,0.0
0.453,0.0
0.4533333333333333,0.0
0.45366666666666666,0.0
0.454,0.0
0.4543333333333333,0.0
0.45466666666666666,0.0
0.455,0.0
0.4553333333333333,0.0
0.45566666666666666,0.0
0.456,0.0
0.4563333333333333,0.0
0.45666666666666667,0.0
0.457,0.0
0.4573333333333333,0.0
0.45766666666666667,0.0
0.458,0.0
0.4583333333333333,0.0
0.45866666666666667,0.0
0.459,0.0
0.4593333333333333,0.0
0.45966666666666667,0.0
0.46,0.0
0.4603333333333333,0.0
0.46066666666666667,0.0
0.461,0.0
0.4613333333333333,0.0
0.46166666666666667,0.0
0.462,0.0
0.4623333333333333,0.0
0.46266666666666667,0.0
0.463,0.0
0.4633333333333333,0.0
0.46366666666666667,0.0
0.464,0.0
0.4643333333333333,0.0
0.4646666666666667,0.0
0.465,0.0
0.4653333333333333,0.0
0.4656666666666667,0.0
0.466,0.0
0.4663333333333333,0.0
0.4666666666666667,0.0
0.467,0.0
0.4673333333333333,0.0
0.4676666666666667,0.0
0.468,0.0
0.4683333333333333,0.0
0.4686666666666667,0.0
0.469,0.0
0.4693333333333333,0.0
0.4696666666666667,0.0
0.47,0.0
0.4703333333333333,0.0
0.4706666666666667,0.0
0.471,0.0
0.4713333333333333,0.0
0.4716666666666667,0.0
0.472,0.0
0.4723333333333333,0.0
0.4726666666666667,0.0
0.473,0.0
0.47333333333333333,0.0
0.4736666666666667,0.0
0.474,0.0
0.47433333333333333,0.0
0.4746666666666667,0.0
0.475,0.0
0.47533333333333333,0.0
0.4756666666666667,0.0
0.476,0.0
0.47633333333333333,0.0
0.4766666666666667,0.0
0.477,0.0
0.47733333333333333,0.0
0.4776666666666667,0.0
0.478,0.0
0.47833333333333333,0.0
0.4786666666666667,0.0
0.479,0.0
0.47933333333333333,0.0
0.4796666666666667,0.0
0.48,0.0
0.48033333333333333,0.0
0.4806666666666667,0.0
0.481,0.0
0.48133333333333334,0.0
0.4816666666666667,0.0
0.482,0.0
0.48233333333333334,0.0
0.4826666666666667,0.0
0.483,0.0
0.48333333333333334,0.0
0.4836666666666667,0.0
0.484,0.0
0.48433333333333334,0.0
0.4846666666666667,0.0
0.485,0.0
0.48533333333333334,0.0
0.4856666666666667,0.0
0.486,0.0
0.48633333333333334,0.0
0.4866666666666667,0.0
0.487,0.0
0.48733333333333334,0.0
0.4876666666666667,0.0
0.488,0.0
0.48833333333333334,0.0
0.4886666666666667,0.0
0.489,0.0
0.48933333333333334,0.0
0.48966666666666664,0.0
0.49,0.0
0.49033333333333334,0.0
0.49066666666666664,0.0
0.491,0.0
0.49133333333333334,0.0
0.49166666666666664,0.0
0.492,0.0
0.49233333333333335,0.0
0.49266666666666664,0.0
0.493,0.0
0.49333333333333335,0.0
0.49366666666666664,0.0
0.494,0.0
0.49433333333333335,0.0
0.49466666666666664,0.0
0.495,0.0
0.49533333333333335,0.0
0.49566666666666664,0.0
0.496,0.0
0.49633333333333335,0.0
0.49666666666666665,0.0
0.497,0.0
0.49733333333333335,0.0
0.49766666666666665,0.0
0.498,0.0
0.49833333333333335,0.0
0.49866666666666665,0.0
0.499,0.0
0.49933333333333335,0.0
0.49966666666666665,0.0
0.5,0.0
0.5003333333333333,0.0
0.5006666666666667,0.0
0.501,0.0
0.5013333333333333,0.0
0.5016666666666667,0.0
0.502,0.0
0.5023333333333333,0.0
0.5026666666666667,0.0
0.503,0.0
0.5033333333333333,0.0
0.5036666666666667,0.0
0.504,0.0
0.5043333333333333,0.0
0.5046666666666667,0.0
0.505,0.0
0.5053333333333333,0.0
0.5056666666666667,0.0
0.506,0.0
0.5063333333333333,0.0
0.5066666666666667,0.0
0.507,0.0
0.5073333333333333,0.0
0.5076666666666667,0.0
0.508,0.0
0.5083333333333333,0.0
0.5086666666666667,0.0
0.509,0.0
0.5093333333333333,0.0
0.5096666666666667,0.0
0.51,0.0
0.5103333333333333,0.0
0.5106666666666667,0.0
0.511,0.0
0.5113333333333333,0.0
0.5116666666666667,0.0
0.512,0.0
0.5123333333333333,0.0
0.5126666666666667,0.0
0.513,0.0
0.5133333333333333,0.0
0.5136666666666667,0.0
0.514,0.0
0.5143333333333333,0.0
0.5146666666666667,0.0
0.515,0.0
0.5153333333333333,0.0
0.5156666666666667,0.0
0.516,0.0
0.5163333333333333,0.0
0.5166666666666667,0.0
0.517,0.0
0.5173333333333333,0.0
0.5176666666666667,0.0
0.518,0.0
0.5183333333333333,0.0
0.5186666666666667,0.0
0.519,0.0
0.5193333333333333,0.0
0.5196666666666667,0.0
0.52,0.0
0.5203333333333333,0.0
0.5206666666666667,0.0
0.521,0.0
0.5213333333333333,0.0
0.5216666666666666,0.0
0.522,0.0
0.5223333333333333,0.0
0.5226666666666666,0.0
0.523,0.0
0.5233333333333333,0.0
0.5236666666666666,0.0
0.524,0.0
0.5243333333333333,0.0
0.5246666666666666,0.0
0.525,0.0
0.5253333333333333,0.0
0.5256666666666666,0.0
0.526,0.0
0.5263333333333333,0.0
0.5266666666666666,0.0
0.527,0.0
0.5273333333333333,0.0
0.5276666666666666,0.0
0.528,0.0
0.5283333333333333,0.0
0.5286666666666666,0.0
0.529,0.0
0.5293333333333333,0.0
0.5296666666666666,0.0
0.53,0.0
0.5303333333333333,0.0
0.5306666666666666,0.0
0.531,0.0
0.5313333333333333,0.0
0.5316666666666666,0.0
0.532,0.0
0.5323333333333333,0.0
0.5326666666666666,0.0
0.533,0.0
0.5333333333333333,0.0
0.5336666666666666,0.0
0.534,0.0
0.5343333333333333,0.0
0.5346666666666666,0.0
0.535,0.0
0.5353333333333333,0.0
0.5356666666666666,0.0
0.536,0.0
0.5363333333333333,0.0
0.5366666666666666,0.0
0.537,0.0
0.5373333333333333,0.0
0.5376666666666666,0.0
0.538,0.0
0.5383333333333333,0.0
0.5386666666666666,0.0
0.539,0.0
0.5393333333333333,0.0
0.5396666666666666,0.0
0.54,0.0
0.5403333333333333,0.0
0.5406666666666666,0.0
0.541,0.0
0.5413333333333333,0.0
0.5416666666666666,0.0
0.542,0.0
0.5423333333333333,0.0
0.5426666666666666,0.0
0.543,0.0
0.5433333333333333,0.0
0.5436666666666666,0.0
0.544,0.0
0.5443333333333333,0.0
0.5446666666666666,0.0
0.545,0.0
0.5453333333333333,0.0
0.5456666666666666,0.0
0.546,0.0
0.5463333333333333,0.0
0.5466666666666666,0.0
0.547,0.0
0.5473333333333333,0.0
0.5476666666666666,0.0
0.548,0.0
0.5483333333333333,0.0
0.5486666666666666,0.0
0.549,0.0
0.5493333333333333,0.0
0.5496666666666666,0.0
0.55,0.0
0.5503333333333333,0.0
0.5506666666666666,0.0
0.551,0.0
0.5513333333333333,0.0
0.5516666666666666,0.0
0.552,0.0
0.5523333333333333,0.0
0.5526666666666666,0.0
0.553,0.0
0.5533333333333333,0.0
0.5536666666666666,0.0
0.554,0.0
0.5543333333333333,0.0
0.5546666666666666,0.0
0.555,0.0
0.5553333333333333,0.0
0.5556666666666666,0.0
0.556,0.0
0.5563333333333333,0.0
0.5566666666666666,0.0
0.557,0.0
0.5573333333333333,0.0
0.5576666666666666,0.0
0.558,0.0
0.5583333333333333,0.0
0.5586666666666666,0.0
0.559,0.0
0.5593333333333333,0.0
0.5596666666666666,0.0
0.56,0.0
0.5603333333333333,0.0
0.5606666666666666,0.0
0.561,0.0
0.5613333333333334,0.0
0.5616666666666666,0.0
0.562,0.0
0.5623333333333334,0.0
0.5626666666666666,0.0
0.563,0.0
0.5633333333333334,0.0
0.5636666666666666,0.0
0.564,0.0
0.5643333333333334,0.0
0.5646666666666667,0.0
0.565,0.0
0.5653333333333334,0.0
0.5656666666666667,0.0
0.566,0.0
0.5663333333333334,0.0
0.5666666666666667,0.0
0.567,0.0
0.5673333333333334,0.0
0.5676666666666667,0.0
0.568,0.0
0.5683333333333334,0.0
0.5686666666666667,0.0
0.569,0.0
0.5693333333333334,0.0
0.5696666666666667,0.0
0.57,0.0
0.5703333333333334,0.0
0.5706666666666667,0.0
0.571,0.0
0.5713333333333334,0.0
0.5716666666666667,0.0
0.572,0.0
0.5723333333333334,0.0
0.5726666666666667,0.0
0.573,0.0
0.5733333333333334,0.0
0.5736666666666667,0.0
0.574,0.0
0.5743333333333334,0.0
0.5746666666666667,0.0
0.575,0.0
0.5753333333333334,0.0
0.5756666666666667,0.0
0.576,0.0
0.5763333333333334,0.0
0.5766666666666667,0.0
0.577,0.0
0.5773333333333334,0.0
0.5776666666666667,0.0
0.578,0.0
0.5783333333333334,0.0
0.5786666666666667,0.0
0.579,0.0
0.5793333333333334,0.0
0.5796666666666667,0.0
0.58,0.0
0.5803333333333334,0.0
0.5806666666666667,0.0
0.581,0.0
0.5813333333333334,0.0
0.5816666666666667,0.0
0.582,0.0
0.5823333333333334,0.0
0.5826666666666667,0.0
0.583,0.0
0.5833333333333334,0.0
0.5836666666666667,0.0
0.584,0.0
0.5843333333333334,0.0
0.5846666666666667,0.0
0.585,0.0
0.5853333333333334,0.0
0.5856666666666667,0.0
0.586,0.0
0.5863333333333334,0.0
0.5866666666666667,0.0
0.587,0.0
0.5873333333333334,0.0
0.5876666666666667,0.0
0.588,0.0
0.5883333333333334,0.0
0.5886666666666667,0.0
0.589,0.0
0.5893333333333334,0.0
0.5896666666666667,0.0
0.59,0.0
0.5903333333333334,0.0
0.5906666666666667,0.0
0.591,0.0
0.5913333333333334,0.0
0.5916666666666667,0.0
0.592,0.0
0.5923333333333334,0.0
0.5926666666666667,0.0
0.593,0.0
0.5933333333333334,0.0
0.5936666666666667,0.0
0.594,0.0
0.5943333333333334,0.0
0.5946666666666667,0.0
0.595,0.0
0.5953333333333334,0.0
0.5956666666666667,0.0
0.596,0.0
0.5963333333333334,0.0
0.5966666666666667,0.0
0.597,0.0
0.5973333333333334,0.0
0.5976666666666667,0.0
0.598,0.0
0.5983333333333334,0.0
0.5986666666666667,0.0
0.599,0.0
0.5993333333333334,0.0
0.5996666666666667,0.0
0.6,0.0
0.6003333333333334,0.0
0.6006666666666667,0.0
0.601,0.0
0.6013333333333334,0.0
0.6016666666666667,0.0
0.602,0.0
0.6023333333333334,0.0
0.6026666666666667,0.0
0.603,0.0
0.6033333333333334,0.0
0.6036666666666667,0.0
0.604,0.0
0.6043333333333333,0.0
0.6046666666666667,0.0
0.605,0.0
0.6053333333333333,0.0
0.6056666666666667,0.0
0.606,0.0
0.6063333333333333,0.0
0.6066666666666667,0.0
0.607,0.0
0.6073333333333333,0.0
0.6076666666666667,0.0
0.608,0.0
0.6083333333333333,0.0
0.6086666666666667,0.0
0.609,0.0
0.6093333333333333,0.0
0.6096666666666667,0.0
0.61,0.0
0.6103333333333333,0.0
0.6106666666666667,0.0
0.611,0.0
0.6113333333333333,0.0
0.6116666666666667,0.0
0.612,0.0
0.6123333333333333,0.0
0.6126666666666667,0.0
0.613,0.0
0.6133333333333333,0.0
0.6136666666666667,0.0
0.614,0.0
0.6143333333333333,0.0
0.6146666666666667,0.0
0.615,0.0
0.6153333333333333,0.0
0.6156666666666667,0.0
0.616,0.0
0.6163333333333333,0.0
0.6166666666666667,0.0
0.617,0.0
0.6173333333333333,0.0
0.6176666666666667,0.0
0.618,0.0
0.6183333333333333,0.0
0.6186666666666667,0.0
0.619,0.0
0.6193333333333333,0.0
0.6196666666666667,0.0
0.62,0.0
0.6203333333333333,0.0
0.6206666666666667,0.0
0.621,0.0
0.6213333333333333,0.0
0.6216666666666667,0.0
0.622,0.0
0.6223333333333333,0.0
0.6226666666666667,0.0
0.623,0.0
0.6233333333333333,0.0
0.6236666666666667,0.0
0.624,0.0
0.6243333333333333,0.0
0.6246666666666667,0.0
0.625,0.0
0.6253333333333333,0.0
0.6256666666666667,0.0
0.626,0.0
0.6263333333333333,0.0
0.6266666666666667,0.0
0.627,0.0
0.6273333333333333,0.0
0.6276666666666667,0.0
0.628,0.0
0.6283333333333333,0.0
0.6286666666666667,0.0
0.629,0.0
0.6293333333333333,0.0
0.6296666666666667,0.0
0.63,0.0
0.6303333333333333,0.0
0.6306666666666667,0.0
0.631,0.0
0.6313333333333333,0.0
0.6316666666666667,0.0
0.632,0.0
0.6323333333333333,0.0
0.6326666666666667,0.0
0.633,0.0
0.6333333333333333,0.0
0.6336666666666667,0.0
0.634,0.0
0.6343333333333333,0.0
0.6346666666666667,0.0
0.635,0.0
0.6353333333333333,0.0
0.6356666666666667,0.0
0.636,0.0
0.6363333333333333,0.0
0.6366666666666667,0.0
0.637,0.0
0.6373333333333333,0.0
0.6376666666666667,0.0
0.638,0.0
0.6383333333333333,0.0
0.6386666666666667,0.0
0.639,0.0
0.6393333333333333,0.0
0.6396666666666667,0.0
0.64,0.0
0.6403333333333333,0.0
0.6406666666666667,0.0
0.641,0.0
0.6413333333333333,0.0
0.6416666666666667,0.0
0.642,0.0
0.6423333333333333,0.0
0.6426666666666667,0.0
0.643,0.0
0.6433333333333333,0.0
0.6436666666666667,0.0
0.644,0.0
0.6443333333333333,0.0
0.6446666666666667,0.0
0.645,0.0
0.6453333333333333,0.0
0.6456666666666667,0.0
0.646,0.0
0.6463333333333333,0.0
0.6466666666666666,0.0
0.647,0.0
0.6473333333333333,0.0
0.6476666666666666,0.0
0.648,0.0
0.6483333333333333,0.0
0.6486666666666666,0.0
0.649,0.0
0.6493333333333333,0.0
0.6496666666666666,0.0
0.65,0.0
0.6503333333333333,0.0
0.6506666666666666,0.0
0.651,0.0
0.6513333333333333,0.0
0.6516666666666666,0.0
0.652,0.0
0.6523333333333333,0.0
0.6526666666666666,0.0
0.653,0.0
0.6533333333333333,0.0
0.6536666666666666,0.0
0.654,0.0
0.6543333333333333,0.0
0.6546666666666666,0.0
0.655,0.0
0.6553333333333333,0.0
0.6556666666666666,0.0
0.656,0.0
0.6563333333333333,0.0
0.6566666666666666,0.0
0.657,0.0
0.6573333333333333,0.0
0.6576666666666666,0.0
0.658,0.0
0.6583333333333333,0.0
0.6586666666666666,0.0
0.659,0.0
0.6593333333333333,0.0
0.6596666666666666,0.0
0.66,0.0
0.6603333333333333,0.0
0.6606666666666666,0.0
0.661,0.0
0.6613333333333333,0.0
0.6616666666666666,0.0
0.662,0.0
0.6623333333333333,0.0
0.6626666666666666,0.0
0.663,0.0
0.6633333333333333,0.0
0.6636666666666666,0.0
0.664,0.0
0.6643333333333333,0.0
0.6646666666666666,0.0
0.665,0.0
0.6653333333333333,0.0
0.6656666666666666,0.0
0.666,0.0
0.6663333333333333,0.0
0.6666666666666666,0.0
0.667,0.0
0.6673333333333333,0.0
0.6676666666666666,0.0
0.668,0.0
0.6683333333333333,0.0
0.6686666666666666,0.0
0.669,0.0
0.6693333333333333,0.0
0.6696666666666666,0.0
0.67,0.0
0.6703333333333333,0.0
0.6706666666666666,0.0
0.671,0.0
0.6713333333333333,0.0
0.6716666666666666,0.0
0.672,0.0
0.6723333333333333,0.0
0.6726666666666666,0.0
0.673,0.0
0.6733333333333333,0.0
0.6736666666666666,0.0
0.674,0.0
0.6743333333333333,0.0
0.6746666666666666,0.0
0.675,0.0
0.6753333333333333,0.0
0.6756666666666666,0.0
0.676,0.0
0.6763333333333333,0.0
0.6766666666666666,0.0
0.677,0.0
0.6773333333333333,0.0
0.6776666666666666,0.0
0.678,0.0
0.6783333333333333,0.0
0.6786666666666666,0.0
0.679,0.0
0.6793333333333333,0.0
0.6796666666666666,0.0
0.68,0.0
0.6803333333333333,0.0
0.6806666666666666,0.0
0.681,0.0
0.6813333333333333,0.0
0.6816666666666666,0.0
0.682,0.0
0.6823333333333333,0.0
0.6826666666666666,0.0
0.683,0.0
0.6833333333333333,0.0
0.6836666666666666,0.0
0.684,0.0
0.6843333333333333,0.0
0.6846666666666666,0.0
0.685,0.0
0.6853333333333333,0.0
0.6856666666666666,0.0
0.686,0.0
0.6863333333333334,0.0
0.6866666666666666,0.0
0.687,0.0
0.6873333333333334,0.0
0.6876666666666666,0.0
0.688,0.0
0.6883333333333334,0.0
0.6886666666666666,0.0
0.689,0.0
0.6893333333333334,0.0
0.6896666666666667,0.0
0.69,0.0
0.6903333333333334,0.0
0.6906666666666667,0.0
0.691,0.0
0.6913333333333334,0.0
0.6916666666666667,0.0
0.692,0.0
0.6923333333333334,0.0
0.6926666666666667,0.0
0.693,0.0
0.6933333333333334,0.0
0.6936666666666667,0.0
0.694,0.0
0.6943333333333334,0.0
0.6946666666666667,0.0
0.695,0.0
0.6953333333333334,0.0
0.6956666666666667,0.0
0.696,0.0
0.6963333333333334,0.0
0.6966666666666667,0.0
0.697,0.0
0.6973333333333334,0.0
0.6976666666666667,0.0
0.698,0.0
0.6983333333333334,0.0
0.6986666666666667,0.0
0.699,0.0
0.6993333333333334,0.0
0.6996666666666667,0.0
0.7,0.0
0.7003333333333334,0.0
0.7006666666666667,0.0
0.701,0.0
0.7013333333333334,0.0
0.7016666666666667,0.0
0.702,0.0
0.7023333333333334,0.0
0.7026666666666667,0.0
0.703,0.0
0.7033333333333334,0.0
0.7036666666666667,0.0
0.704,0.0
0.7043333333333334,0.0
0.7046666666666667,0.0
0.705,0.0
0.7053333333333334,0.0
0.7056666666666667,0.0
0.706,0.0
0.7063333333333334,0.0
0.7066666666666667,0.0
0.707,0.0
0.7073333333333334,0.0
0.7076666666666667,0.0
0.708,0.0
0.7083333333333334,0.0
0.7086666666666667,0.0
0.709,0.0
0.7093333333333334,0.0
0.7096666666666667,0.0
0.71,0.0
0.7103333333333334,0.0
0.7106666666666667,0.0
0.711,0.0
0.7113333333333334,0.0
0.7116666666666667,0.0
0.712,0.0
0.7123333333333334,0.0
0.7126666666666667,0.0
0.713,0.0
0.7133333333333334,0.0
0.7136666666666667,0.0
0.714,0.0
0.7143333333333334,0.0
0.7146666666666667,0.0
0.715,0.0
0.7153333333333334,0.0
0.7156666666666667,0.0
0.716,0.0
0.7163333333333334,0.0
0.7166666666666667,0.0
0.717,0.0
0.7173333333333334,0.0
0.7176666666666667,0.0
0.718,0.0
0.7183333333333334,0.0
0.7186666666666667,0.0
0.719,0.0
0.7193333333333334,0.0
0.7196666666666667,0.0
0.72,0.0
0.7203333333333334,0.0
0.7206666666666667,0.0
0.721,0.0
0.7213333333333334,0.0
0.7216666666666667,0.0
0.722,0.0
0.7223333333333334,0.0
0.7226666666666667,0.0
0.723,0.0
0.7233333333333334,0.0
0.7236666666666667,0.0
0.724,0.0
0.7243333333333334,0.0
0.7246666666666667,0.0
0.725,0.0
0.7253333333333334,0.0
0.7256666666666667,0.0
0.726,0.0
0.7263333333333334,0.0
0.7266666666666667,0.0
0.727,0.0
0.7273333333333334,0.0
0.7276666666666667,0.0
0.728,0.0
0.7283333333333334,0.0
0.7286666666666667,0.0
0.729,0.0
0.7293333333333333,0.0
0.7296666666666667,0.0
0.73,0.0
0.7303333333333333,0.0
0.7306666666666667,0.0
0.731,0.0
0.7313333333333333,0.0
0.7316666666666667,0.0
0.732,0.0
0.7323333333333333,0.0
0.7326666666666667,0.0
0.733,0.0
0.7333333333333333,0.0
0.7336666666666667,0.0
0.734,0.0
0.7343333333333333,0.0
0.7346666666666667,0.0
0.735,0.0
0.7353333333333333,0.0
0.7356666666666667,0.0
0.736,0.0
0.7363333333333333,0.0
0.7366666666666667,0.0
0.737,0.0
0.7373333333333333,0.0
0.7376666666666667,0.0
0.738,0.0
0.7383333333333333,0.0
0.7386666666666667,0.0
0.739,0.0
0.7393333333333333,0.0
0.7396666666666667,0.0
0.74,0.0
0.7403333333333333,0.0
0.7406666666666667,0.0
0.741,0.0
0.7413333333333333,0.0
0.7416666666666667,0.0
0.742,0.0
0.7423333333333333,0.0
0.7426666666666667,0.0
0.743,0.0
0.7433333333333333,0.0
0.7436666666666667,0.0
0.744,0.0
0.7443333333333333,0.0
0.7446666666666667,0.0
0.745,0.0
0.7453333333333333,0.0
0.7456666666666667,0.0
0.746,0.0
0.7463333333333333,0.0
0.7466666666666667,0.0
0.747,0.0
0.7473333333333333,0.0
0.7476666666666667,0.0
0.748,0.0
0.7483333333333333,0.0
0.7486666666666667,0.0
0.749,0.0
0.7493333333333333,0.0
0.7496666666666667,0.0
0.75,0.0
0.7503333333333333,0.0
0.7506666666666667,0.0
0.751,0.0
0.7513333333333333,0.0
0.7516666666666667,0.0
0.752,0.0
0.7523333333333333,0.0
0.7526666666666667,0.0
0.753,0.0
0.7533333333333333,0.0
0.7536666666666667,0.0
0.754,0.0
0.7543333333333333,0.0
0.7546666666666667,0.0
0.755,0.0
0.7553333333333333,0.0
0.7556666666666667,0.0
0.756,0.0
0.7563333333333333,0.0
0.7566666666666667,0.0
0.757,0.0
0.7573333333333333,0.0
0.7576666666666667,0.0
0.758,0.0
0.7583333333333333,0.0
0.7586666666666667,0.0
0.759,0.0
0.7593333333333333,0.0
0.7596666666666667,0.0
0.76,0.0
0.7603333333333333,0.0
0.7606666666666667,0.0
0.761,0.0
0.7613333333333333,0.0
0.7616666666666667,0.0
0.762,0.0
0.7623333333333333,0.0
0.7626666666666667,0.0
0.763,0.0
0.7633333333333333,0.0
0.7636666666666667,0.0
0.764,0.0
0.7643333333333333,0.0
0.7646666666666667,0.0
0.765,0.0
0.7653333333333333,0.0
0.7656666666666667,0.0
0.766,0.0
0.7663333333333333,0.0
0.7666666666666667,0.0
0.767,0.0
0.7673333333333333,0.0
0.7676666666666667,0.0
0.768,0.0
0.7683333333333333,0.0
0.7686666666666667,0.0
0.769,0.0
0.7693333333333333,0.0
0.7696666666666667,0.0
0.77,0.0
0.7703333333333333,0.0
0.7706666666666667,0.0
0.771,0.0
0.7713333333333333,0.0
0.7716666666666666,0.0
0.772,0.0
0.7723333333333333,0.0
0.7726666666666666,0.0
0.773,0.0
0.7733333333333333,0.0
0.7736666666666666,0.0
0.774,0.0
0.7743333333333333,0.0
0.7746666666666666,0.0
0.775,0.0
0.7753333333333333,0.0
0.7756666666666666,0.0
0.776,0.0
0.7763333333333333,0.0
0.7766666666666666,0.0
0.777,0.0
0.7773333333333333,0.0
0.7776666666666666,0.0
0.778,0.0
0.7783333333333333,0.0
0.7786666666666666,0.0
0.779,0.0
0.7793333333333333,0.0
0.7796666666666666,0.0
0.78,0.0
0.7803333333333333,0.0
0.7806666666666666,0.0
0.781,0.0
0.7813333333333333,0.0
0.7816666666666666,0.0
0.782,0.0
0.7823333333333333,0.0
0.7826666666666666,0.0
0.783,0.0
0.7833333333333333,0.0
0.7836666666666666,0.0
0.784,0.0
0.7843333333333333,0.0
0.7846666666666666,0.0
0.785,0.0
0.7853333333333333,0.0
0.7856666666666666,0.0
0.786,0.0
0.7863333333333333,0.0
0.7866666666666666,0.0
0.787,0.0
0.7873333333333333,0.0
0.7876666666666666,0.0
0.788,0.0
0.7883333333333333,0.0
0.7886666666666666,0.0
0.789,0.0
0.7893333333333333,0.0
0.7896666666666666,0.0
0.79,0.0
0.7903333333333333,0.0
0.7906666666666666,0.0
0.791,0.0
0.7913333333333333,0.0
0.7916666666666666,0.0
0.792,0.0
0.7923333333333333,0.0
0.7926666666666666,0.0
0.793,0.0
0.7933333333333333,0.0
0.7936666666666666,0.0
0.794,0.0
0.7943333333333333,0.0
0.7946666666666666,0.0
0.795,0.0
0.7953333333333333,0.0
0.7956666666666666,0.0
0.796,0.0
0.7963333333333333,0.0
0.7966666666666666,0.0
0.797,0.0
0.7973333333333333,0.0
0.7976666666666666,0.0
0.798,0.0
0.7983333333333333,0.0
0.7986666666666666,0.0
0.799,0.0
0.7993333333333333,0.0
0.7996666666666666,0.0
0.8,0.0
0.8003333333333333,0.0
0.8006666666666666,0.0
0.801,0.0
0.8013333333333333,0.0
0.8016666666666666,0.0
0.802,0.0
0.8023333333333333,0.0
0.8026666666666666,0.0
0.803,0.0
0.8033333333333333,0.0
0.8036666666666666,0.0
0.804,0.0
0.8043333333333333,0.0
0.8046666666666666,0.0
0.805,0.0
0.8053333333333333,0.0
0.8056666666666666,0.0
0.806,0.0
0.8063333333333333,0.0
0.8066666666666666,0.0
0.807,0.0
0.8073333333333333,0.0
0.8076666666666666,0.0
0.808,0.0
0.8083333333333333,0.0
0.8086666666666666,0.0
0.809,0.0
0.8093333333333333,0.0
0.8096666666666666,0.0
0.81,0.0
0.8103333333333333,0.0
0.8106666666666666,0.0
0.811,0.0
0.8113333333333334,0.0
0.8116666666666666,0.0
0.812,0.0
0.8123333333333334,0.0
0.8126666666666666,0.0
0.813,0.0
0.8133333333333334,0.0
0.8136666666666666,0.0
0.814,0.0
0.8143333333333334,0.0
0.8146666666666667,0.0
0.815,0.0
0.8153333333333334,0.0
0.8156666666666667,0.0
0.816,0.0
0.8163333333333334,0.0
0.8166666666666667,0.0
0.817,0.0
0.8173333333333334,0.0
0.8176666666666667,0.0
0.818,0.0
0.8183333333333334,0.0
0.8186666666666667,0.0
0.819,0.0
0.8193333333333334,0.0
0.8196666666666667,0.0
0.82,0.0
0.8203333333333334,0.0
0.8206666666666667,0.0
0.821,0.0
0.8213333333333334,0.0
0.8216666666666667,0.0
0.822,0.0
0.8223333333333334,0.0
0.8226666666666667,0.0
0.823,0.0
0.8233333333333334,0.0
0.8236666666666667,0.0
0.824,0.0
0.8243333333333334,0.0
0.8246666666666667,0.0
0.825,0.0
0.8253333333333334,0.0
0.8256666666666667,0.0
0.826,0.0
0.8263333333333334,0.0
0.8266666666666667,0.0
0.827,0.0
0.8273333333333334,0.0
0.8276666666666667,0.0
0.828,0.0
0.8283333333333334,0.0
0.8286666666666667,0.0
0.829,0.0
0.8293333333333334,0.0
0.8296666666666667,0.0
0.83,0.0
0.8303333333333334,0.0
0.8306666666666667,0.0
0.831,0.0
0.8313333333333334,0.0
0.8316666666666667,0.0
0.832,0.0
0.8323333333333334,0.0
0.8326666666666667,0.0
0.833,0.0
0.8333333333333334,0.0
0.8336666666666667,0.0
0.834,0.0
0.8343333333333334,0.0
0.8346666666666667,0.0
0.835,0.0
0.8353333333333334,0.0
0.8356666666666667,0.0
0.836,0.0
0.8363333333333334,0.0
0.8366666666666667,0.0
0.837,0.0
0.8373333333333334,0.0
0.8376666666666667,0.0
0.838,0.0
0.8383333333333334,0.0
0.8386666666666667,0.0
0.839,0.0
0.8393333333333334,0.0
0.8396666666666667,0.0
0.84,0.0
0.8403333333333334,0.0
0.8406666666666667,0.0
0.841,0.0
0.8413333333333334,0.0
0.8416666666666667,0.0
0.842,0.0
0.8423333333333334,0.0
0.8426666666666667,0.0
0.843,0.0
0.8433333333333334,0.0
0.8436666666666667,0.0
0.844,0.0
0.8443333333333334,0.0
0.8446666666666667,0.0
0.845,0.0
0.8453333333333334,0.0
0.8456666666666667,0.0
0.846,0.0
0.8463333333333334,0.0
0.8466666666666667,0.0
0.847,0.0
0.8473333333333334,0.0
0.8476666666666667,0.0
0.848,0.0
0.8483333333333334,0.0
0.8486666666666667,0.0
0.849,0.0
0.8493333333333334,0.0
0.8496666666666667,0.0
0.85,0.0
0.8503333333333334,0.0
0.8506666666666667,0.0
0.851,0.0
0.8513333333333334,0.0
0.8516666666666667,0.0
0.852,0.0
0.8523333333333334,0.0
0.8526666666666667,0.0
0.853,0.0
0.8533333333333334,0.0
0.8536666666666667,0.0
0.854,0.0
0.8543333333333333,0.0
0.8546666666666667,0.0
0.855,0.0
0.8553333333333333,0.0
0.8556666666666667,0.0
0.856,0.0
0.8563333333333333,0.0
0.8566666666666667,0.0
0.857,0.0
0.8573333333333333,0.0
0.8576666666666667,0.0
0.858,0.0
0.8583333333333333,0.0
0.8586666666666667,0.0
0.859,0.0
0.8593333333333333,0.0
0.8596666666666667,0.0
0.86,0.0
0.8603333333333333,0.0
0.8606666666666667,0.0
0.861,0.0
0.8613333333333333,0.0
0.8616666666666667,0.0
0.862,0.0
0.8623333333333333,0.0
0.8626666666666667,0.0
0.863,0.0
0.8633333333333333,0.0
0.8636666666666667,0.0
0.864,0.0
0.8643333333333333,0.0
0.8646666666666667,0.0
0.865,0.0
0.8653333333333333,0.0
0.8656666666666667,0.0
0.866,0.0
0.8663333333333333,0.0
0.8666666666666667,0.0
0.867,0.0
0.8673333333333333,0.0
0.8676666666666667,0.0
0.868,0.0
0.8683333333333333,0.0
0.8686666666666667,0.0
0.869,0.0
0.8693333333333333,0.0
0.8696666666666667,0.0
0.87,0.0
0.8703333333333333,0.0
0.8706666666666667,0.0
0.871,0.0
0.8713333333333333,0.0
0.8716666666666667,0.0
0.872,0.0
0.8723333333333333,0.0
0.8726666666666667,0.0
0.873,0.0
0.8733333333333333,0.0
0.8736666666666667,0.0
0.874,0.0
0.8743333333333333,0.0
0.8746666666666667,0.0
0.875,0.0
0.8753333333333333,0.0
0.8756666666666667,0.0
0.876,0.0
0.8763333333333333,0.0
0.8766666666666667,0.0
0.877,0.0
0.8773333333333333,0.0
0.8776666666666667,0.0
0.878,0.0
0.8783333333333333,0.0
0.8786666666666667,0.0
0.879,0.0
0.8793333333333333,0.0
0.8796666666666667,0.0
0.88,0.0
0.8803333333333333,0.0
0.8806666666666667,0.0
0.881,0.0
0.8813333333333333,0.0
0.8816666666666667,0.0
0.882,0.0
0.8823333333333333,0.0
0.8826666666666667,0.0
0.883,0.0
0.8833333333333333,0.0
0.8836666666666667,0.0
0.884,0.0
0.8843333333333333,0.0
0.8846666666666667,0.0
0.885,0.0
0.8853333333333333,0.0
0.8856666666666667,0.0
0.886,0.0
0.8863333333333333,0.0
0.8866666666666667,0.0
0.887,0.0
0.8873333333333333,0.0
0.8876666666666667,0.0
0.888,0.0
0.8883333333333333,0.0
0.8886666666666667,0.0
0.889,0.0
0.8893333333333333,0.0
0.8896666666666667,0.0
0.89,0.0
0.8903333333333333,0.0
0.8906666666666667,0.0
0.891,0.0
0.8913333333333333,0.0
0.8916666666666667,0.0
0.892,0.0
0.8923333333333333,0.0
0.8926666666666667,0.0
0.893,0.0
0.8933333333333333,0.0
0.8936666666666667,0.0
0.894,0.0
0.8943333333333333,0.0
0.8946666666666667,0.0
0.895,0.0
0.8953333333333333,0.0
0.8956666666666667,0.0
0.896,0.0
0.8963333333333333,0.0
0.8966666666666666,0.0
0.897,0.0
0.8973333333333333,0.0
0.8976666666666666,0.0
0.898,0.0
0.8983333333333333,0.0
0.8986666666666666,0.0
0.899,0.0
0.8993333333333333,0.0
0.8996666666666666,0.0
0.9,0.0
0.9003333333333333,0.0
0.9006666666666666,0.0
0.901,0.0
0.9013333333333333,0.0
0.9016666666666666,0.0
0.902,0.0
0.9023333333333333,0.0
0.9026666666666666,0.0
0.903,0.0
0.9033333333333333,0.0
0.9036666666666666,0.0
0.904,0.0
0.9043333333333333,0.0
0.9046666666666666,0.0
0.905,0.0
0.9053333333333333,0.0
0.9056666666666666,0.0
0.906,0.0
0.9063333333333333,0.0
0.9066666666666666,0.0
0.907,0.0
0.9073333333333333,0.0
0.9076666666666666,0.0
0.908,0.0
0.9083333333333333,0.0
0.9086666666666666,0.0
0.909,0.0
0.9093333333333333,0.0
0.9096666666666666,0.0
0.91,0.0
0.9103333333333333,0.0
0.9106666666666666,0.0
0.911,0.0
0.9113333333333333,0.0
0.9116666666666666,0.0
0.912,0.0
0.9123333333333333,0.0
0.9126666666666666,0.0
0.913,0.0
0.9133333333333333,0.0
0.9136666666666666,0.0
0.914,0.0
0.9143333333333333,0.0
0.9146666666666666,0.0
0.915,0.0
0.9153333333333333,0.0
0.9156666666666666,0.0
0.916,0.0
0.9163333333333333,0.0
0.9166666666666666,0.0
0.917,0.0
0.9173333333333333,0.0
0.9176666666666666,0.0
0.918,0.0
0.9183333333333333,0.0
0.9186666666666666,0.0
0.919,0.0
0.9193333333333333,0.0
0.9196666666666666,0.0
0.92,0.0
0.9203333333333333,0.0
0.9206666666666666,0.0
0.921,0.0
0.9213333333333333,0.0
0.9216666666666666,0.0
0.922,0.0
0.9223333333333333,0.0
0.9226666666666666,0.0
0.923,0.0
0.9233333333333333,0.0
0.9236666666666666,0.0
0.924,0.0
0.9243333333333333,0.0
0.9246666666666666,0.0
0.925,0.0
0.9253333333333333,0.0
0.9256666666666666,0.0
0.926,0.0
0.9263333333333333,0.0
0.9266666666666666,0.0
0.927,0.0
0.9273333333333333,0.0
0.9276666666666666,0.0
0.928,0.0
0.9283333333333333,0.0
0.9286666666666666,0.0
0.929,0.0
0.9293333333333333,0.0
0.9296666666666666,0.0
0.93,0.0
0.9303333333333333,0.0
0.9306666666666666,0.0
0.931,0.0
0.9313333333333333,0.0
0.9316666666666666,0.0
0.932,0.0
0.9323333333333333,0.0
0.9326666666666666,0.0
0.933,0.0
0.9333333333333333,0.0
0.9336666666666666,0.0
0.934,0.0
0.9343333333333333,0.0
0.9346666666666666,0.0
0.935,0.0
0.9353333333333333,0.0
0.9356666666666666,0.0
0.936,0.0
0.9363333333333334,0.0
0.9366666666666666,0.0
0.937,0.0
0.9373333333333334,0.0
0.9376666666666666,0.0
0.938,0.0
0.9383333333333334,0.0
0.9386666666666666,0.0
0.939,0.0
0.9393333333333334,0.0
0.9396666666666667,0.0
0.94,0.0
0.9403333333333334,0.0
0.9406666666666667,0.0
0.941,0.0
0.9413333333333334,0.0
0.9416666666666667,0.0
0.942,0.0
0.9423333333333334,0.0
0.9426666666666667,0.0
0.943,0.0
0.9433333333333334,0.0
0.9436666666666667,0.0
0.944,0.0
0.9443333333333334,0.0
0.9446666666666667,0.0
0.945,0.0
0.9453333333333334,0.0
0.9456666666666667,0.0
0.946,0.0
0.9463333333333334,0.0
0.9466666666666667,0.0
0.947,0.0
0.9473333333333334,0.0
0.9476666666666667,0.0
0.948,0.0
0.9483333333333334,0.0
0.9486666666666667,0.0
0.949,0.0
0.9493333333333334,0.0
0.9496666666666667,0.0
0.95,0.0
0.9503333333333334,0.0
0.9506666666666667,0.0
0.951,0.0
0.9513333333333334,0.0
0.9516666666666667,0.0
0.952,0.0
0.9523333333333334,0.0
0.9526666666666667,0.0
0.953,0.0
0.9533333333333334,0.0
0.9536666666666667,0.0
0.954,0.0
0.9543333333333334,0.0
0.9546666666666667,0.0
0.955,0.0
0.9553333333333334,0.0
0.9556666666666667,0.0
0.956,0.0
0.9563333333333334,0.0
0.9566666666666667,0.0
0.957,0.0
0.9573333333333334,0.0
0.9576666666666667,0.0
0.958,0.0
0.9583333333333334,0.0
0.9586666666666667,0.0
0.959,0.0
0.9593333333333334,0.0
0.9596666666666667,0.0
0.96,0.0
0.9603333333333334,0.0
0.9606666666666667,0.0
0.961,0.0
0.9613333333333334,0.0
0.9616666666666667,0.0
0.962,0.0
0.9623333333333334,0.0
0.9626666666666667,0.0
0.963,0.0
0.9633333333333334,0.0
0.9636666666666667,0.0
0.964,0.0
0.9643333333333334,0.0
0.9646666666666667,0.0
0.965,0.0
0.9653333333333334,0.0
0.9656666666666667,0.0
0.966,0.0
0.9663333333333334,0.0
0.9666666666666667,0.0
0.967,0.0
0.9673333333333334,0.0
0.9676666666666667,0.0
0.968,0.0
0.9683333333333334,0.0
0.9686666666666667,0.0
0.969,0.0
0.9693333333333334,0.0
0.9696666666666667,0.0
0.97,0.0
0.9703333333333334,0.0
0.9706666666666667,0.0
0.971,0.0
0.9713333333333334,0.0
0.9716666666666667,0.0
0.972,0.0
0.9723333333333334,0.0
0.9726666666666667,0.0
0.973,0.0
0.9733333333333334,0.0
0.9736666666666667,0.0
0.974,0.0
0.9743333333333334,0.0
0.9746666666666667,0.0
0.975,0.0
0.9753333333333334,0.0
0.9756666666666667,0.0
0.976,0.0
0.9763333333333334,0.0
0.9766666666666667,0.0
0.977,0.0
0.9773333333333334,0.0
0.9776666666666667,0.0
0.978,0.0
0.9783333333333334,0.0
0.9786666666666667,0.0
0.979,0.0
0.9793333333333333,0.0
0.9796666666666667,0.0
0.98,0.0
0.9803333333333333,0.0
0.9806666666666667,0.0
0.981,0.0
0.9813333333333333,0.0
0.9816666666666667,0.0
0.982,0.0
0.9823333333333333,0.0
0.9826666666666667,0.0
0.983,0.0
0.9833333333333333,0.0
0.9836666666666667,0.0
0.984,0.0
0.9843333333333333,0.0
0.9846666666666667,0.0
0.985,0.0
0.9853333333333333,0.0
0.9856666666666667,0.0
0.986,0.0
0.9863333333333333,0.0
0.9866666666666667,0.0
0.987,0.0
0.9873333333333333,0.0
0.9876666666666667,0.0
0.988,0.0
0.9883333333333333,0.0
0.9886666666666667,0.0
0.989,0.0
0.9893333333333333,0.0
0.9896666666666667,0.0
0.99,0.0
0.9903333333333333,0.0
0.9906666666666667,0.0
0.991,0.0
0.9913333333333333,0.0
0.9916666666666667,0.0
0.992,0.0
0.9923333333333333,0.0
0.9926666666666667,0.0
0.993,0.0
0.9933333333333333,0.0
0.9936666666666667,0.0
0.994,0.0
0.9943333333333333,0.0
0.9946666666666667,0.0
0.995,0.0
0.9953333333333333,0.0
0.9956666666666667,0.0
0.996,0.0
0.9963333333333333,0.0
0.9966666666666667,0.0
0.997,0.0
0.9973333333333333,0.0
0.9976666666666667,0.0
0.998,0.0
0.9983333333333333,0.0
0.9986666666666667,0.0
0.999,0.0
0.9993333333333333,0.0
0.9996666666666667,0.0
1.0,0.0
